{
  "total_frames": 826,
  "total_runtime_seconds": 124.99990010261536,
  "frames_sent_to_llm": 277,
  "avg_fps": 6.608005280979563,
  "motion_min_ms": 1.2359619140625,
  "motion_max_ms": 11.291742324829102,
  "motion_mean_ms": 5.222913716664903,
  "motion_median_ms": 5.362987518310547,
  "motion_frames_processed": 826,
  "scene_min_ms": 0.0007152557373046875,
  "scene_max_ms": 175.16803741455078,
  "scene_mean_ms": 111.16082555808615,
  "scene_median_ms": 124.88889694213867,
  "scene_frames_processed": 657,
  "object_min_ms": 7.869958877563477,
  "object_max_ms": 721.790075302124,
  "object_mean_ms": 13.294098765519838,
  "object_median_ms": 11.618614196777344,
  "object_frames_processed": 657,
  "total_min_ms": 2.1932125091552734,
  "total_max_ms": 730.9410572052002,
  "total_mean_ms": 146.22473254908084,
  "total_median_ms": 195.59705257415771,
  "total_frames_processed": 826
}