{
  "total_frames": 123,
  "total_runtime_seconds": 23.767230987548828,
  "frames_sent_to_llm": 23,
  "avg_fps": 5.17519268712612,
  "motion_min_ms": 1.2459754943847656,
  "motion_max_ms": 5.040168762207031,
  "motion_mean_ms": 2.9489354389469797,
  "motion_median_ms": 2.354860305786133,
  "motion_frames_processed": 123,
  "scene_min_ms": 0.8029937744140625,
  "scene_max_ms": 163.35797309875488,
  "scene_mean_ms": 150.70854795390161,
  "scene_median_ms": 152.84156799316406,
  "scene_frames_processed": 58,
  "object_min_ms": 9.491205215454102,
  "object_max_ms": 307.6188564300537,
  "object_mean_ms": 16.581021506210853,
  "object_median_ms": 10.850071907043457,
  "object_frames_processed": 58,
  "total_min_ms": 1.2519359588623047,
  "total_max_ms": 310.84704399108887,
  "total_mean_ms": 82.21125215049682,
  "total_median_ms": 2.892017364501953,
  "total_frames_processed": 123
}