{
  "total_frames": 1220,
  "total_runtime_seconds": 44.05650305747986,
  "frames_sent_to_llm": 4,
  "avg_fps": 27.691712127226356,
  "motion_min_ms": 1.2726783752441406,
  "motion_max_ms": 6.663799285888672,
  "motion_mean_ms": 2.9604712470633086,
  "motion_median_ms": 2.860546112060547,
  "motion_frames_processed": 1220,
  "scene_min_ms": 0,
  "scene_max_ms": 0,
  "scene_mean_ms": 0,
  "scene_median_ms": 0,
  "scene_frames_processed": 0,
  "object_min_ms": 7.438898086547852,
  "object_max_ms": 415.7278537750244,
  "object_mean_ms": 12.380495293593322,
  "object_median_ms": 11.443495750427246,
  "object_frames_processed": 1116,
  "total_min_ms": 1.432180404663086,
  "total_max_ms": 421.7829704284668,
  "total_mean_ms": 14.56356361264088,
  "total_median_ms": 14.246463775634766,
  "total_frames_processed": 1220
}