{
  "total_frames": 396,
  "total_runtime_seconds": 183.27482414245605,
  "frames_sent_to_llm": 161,
  "avg_fps": 2.1606895647172832,
  "motion_min_ms": 1.1980533599853516,
  "motion_max_ms": 23.530960083007812,
  "motion_mean_ms": 4.733362583198932,
  "motion_median_ms": 5.2089691162109375,
  "motion_frames_processed": 396,
  "scene_min_ms": 0.0019073486328125,
  "scene_max_ms": 250.43511390686035,
  "scene_mean_ms": 115.60151891575919,
  "scene_median_ms": 116.1423921585083,
  "scene_frames_processed": 288,
  "object_min_ms": 7.8449249267578125,
  "object_max_ms": 274.5509147644043,
  "object_mean_ms": 17.448680268393623,
  "object_median_ms": 14.297246932983398,
  "object_frames_processed": 288,
  "total_min_ms": 2.5458335876464844,
  "total_max_ms": 396.730899810791,
  "total_mean_ms": 145.9022212510157,
  "total_median_ms": 193.62759590148926,
  "total_frames_processed": 396
}