{
  "total_frames": 456,
  "total_runtime_seconds": 18.049026250839233,
  "frames_sent_to_llm": 1,
  "avg_fps": 25.26452084797634,
  "motion_min_ms": 1.6918182373046875,
  "motion_max_ms": 4.5528411865234375,
  "motion_mean_ms": 2.764916210843806,
  "motion_median_ms": 2.640247344970703,
  "motion_frames_processed": 456,
  "scene_min_ms": 1.4908313751220703,
  "scene_max_ms": 119.0638542175293,
  "scene_mean_ms": 60.277342796325684,
  "scene_median_ms": 60.277342796325684,
  "scene_frames_processed": 2,
  "object_min_ms": 26.142358779907227,
  "object_max_ms": 300.22406578063965,
  "object_mean_ms": 163.18321228027344,
  "object_median_ms": 163.18321228027344,
  "object_frames_processed": 2,
  "total_min_ms": 2.885103225708008,
  "total_max_ms": 309.2176914215088,
  "total_mean_ms": 4.848193181188483,
  "total_median_ms": 3.7386417388916016,
  "total_frames_processed": 456
}