{
  "total_frames": 489,
  "total_runtime_seconds": 93.26783466339111,
  "frames_sent_to_llm": 173,
  "avg_fps": 5.242965077562149,
  "motion_min_ms": 2.418994903564453,
  "motion_max_ms": 10.532140731811523,
  "motion_mean_ms": 4.784295895348297,
  "motion_median_ms": 4.786252975463867,
  "motion_frames_processed": 489,
  "scene_min_ms": 0.6999969482421875,
  "scene_max_ms": 174.98302459716797,
  "scene_mean_ms": 154.28319256091666,
  "scene_median_ms": 153.9630889892578,
  "scene_frames_processed": 479,
  "object_min_ms": 8.86225700378418,
  "object_max_ms": 305.7551383972168,
  "object_mean_ms": 17.865018705236636,
  "object_median_ms": 17.780065536499023,
  "object_frames_processed": 479,
  "total_min_ms": 2.832174301147461,
  "total_max_ms": 308.8970184326172,
  "total_mean_ms": 179.8920119466957,
  "total_median_ms": 180.7701587677002,
  "total_frames_processed": 489
}