{
  "total_frames": 891,
  "total_runtime_seconds": 144.62452507019043,
  "frames_sent_to_llm": 596,
  "avg_fps": 6.160780818934908,
  "motion_min_ms": 1.2247562408447266,
  "motion_max_ms": 11.31892204284668,
  "motion_mean_ms": 5.603879656722115,
  "motion_median_ms": 5.794048309326172,
  "motion_frames_processed": 891,
  "scene_min_ms": 0.00095367431640625,
  "scene_max_ms": 180.40084838867188,
  "scene_mean_ms": 116.37884709122055,
  "scene_median_ms": 129.53591346740723,
  "scene_frames_processed": 739,
  "object_min_ms": 7.777929306030273,
  "object_max_ms": 304.86392974853516,
  "object_mean_ms": 12.921955330607371,
  "object_median_ms": 11.857986450195312,
  "object_frames_processed": 739,
  "total_min_ms": 2.1660327911376953,
  "total_max_ms": 309.50212478637695,
  "total_mean_ms": 157.3384455692621,
  "total_median_ms": 205.96003532409668,
  "total_frames_processed": 891
}