{
  "total_frames": 906,
  "total_runtime_seconds": 141.74983882904053,
  "frames_sent_to_llm": 313,
  "avg_fps": 6.391541658771793,
  "motion_min_ms": 1.249074935913086,
  "motion_max_ms": 37.77503967285156,
  "motion_mean_ms": 5.374853447836229,
  "motion_median_ms": 5.40006160736084,
  "motion_frames_processed": 906,
  "scene_min_ms": 0.0007152557373046875,
  "scene_max_ms": 194.86713409423828,
  "scene_mean_ms": 109.40994625041228,
  "scene_median_ms": 123.88849258422852,
  "scene_frames_processed": 758,
  "object_min_ms": 7.58814811706543,
  "object_max_ms": 438.48204612731934,
  "object_mean_ms": 12.73863265256454,
  "object_median_ms": 11.524438858032227,
  "object_frames_processed": 758,
  "total_min_ms": 3.062725067138672,
  "total_max_ms": 447.6511478424072,
  "total_mean_ms": 151.22513397376795,
  "total_median_ms": 196.5845823287964,
  "total_frames_processed": 906
}